gender,department,street_address,street_name,street_no,latitude,longitude
Agender,Support,93 Fremont Drive,Green,90004,-17.4738864,24.2955141
Male,Sales,0841 Troy Park,Gerald,9,-4.8383044,-80.6482153
Male,Support,09450 Rowland Center,Eggendart,5104,-6.4240524,-79.242648
Male,Support,5173 Nelson Alley,Annamark,8,36.759507,110.632006
Female,Engineering,833 Vermont Drive,Clarendon,994,17.0740883,104.4490398
Female,Sales,2 Tomscot Court,Oak,6390,-8.2132323,-71.3824374
Female,Marketing,96 Oriole Center,Hayes,938,-20.5360441,29.2814687
Male,Engineering,0 Debs Avenue,Scott,3,8.287423,100.1927389
Male,Human Resources,3 Sullivan Lane,Arrowood,3,1.4092978,99.2272939
Male,Accounting,45 Redwing Lane,Badeau,4,42.3593277,19.4422717
Female,Accounting,34 Nevada Terrace,Bashford,6,27.088049,119.647769
Female,Services,35 Crescent Oaks Drive,Moose,65391,49.799354,23.518328
Female,Marketing,4206 Fairfield Center,Glacier Hill,4,2.6928351,97.8503951
Male,Business Development,4 Bartillon Drive,Coleman,0,25.606486,100.267638
Female,Marketing,55 Petterle Junction,Spenser,289,35.3750852,24.2012676
Non-binary,Product Management,93732 Moulton Trail,Redwing,3893,54.4576128,18.4558297
Male,Services,08 Delaware Point,Katie,30811,43.9373047,15.4435586
Female,Services,74370 Northfield Parkway,Menomonie,1383,41.2914665,-8.270224
Male,Support,3277 John Wall Crossing,Buhler,967,6.3000002,120.5833359
Polygender,Legal,25662 Harbort Circle,Farmco,661,-26.7277949,-65.2739038
Male,Support,817 Stephen Lane,Dapin,13068,37.953529,114.816881
Male,Marketing,57508 Mifflin Place,Crescent Oaks,973,-8.5068536,115.2624778
Female,Product Management,1 Fremont Junction,Park Meadow,55,0.783255,102.069801
Male,Sales,98653 Clove Way,Hauk,40,24.5552816,68.9071861
Female,Research and Development,9768 Grayhawk Point,Elgar,4,41.0699247,-80.6937177
Female,Legal,61 Artisan Place,Delaware,21723,45.4698284,13.6405292
Agender,Support,47 Utah Drive,Marcy,688,35.580996,116.986503
Non-binary,Marketing,1811 Veith Junction,Lyons,61,-11.06612,-76.158401
Male,Support,0 Ridgeview Alley,Bartillon,237,49.8413005,19.7366045
Female,Research and Development,583 Bunker Hill Way,Sullivan,4,28.579409,110.090436
Male,Marketing,87 Basil Drive,Farwell,29522,59.7414102,10.2299413
Female,Training,29 Milwaukee Center,3rd,3532,-22.4939375,-47.4294326
Female,Marketing,1054 Norway Maple Place,Victoria,920,-31.3699,27.03523
Male,Product Management,95 Waxwing Lane,Burning Wood,92868,-16.8488172,-42.0633003
Female,Product Management,715 Sutteridge Street,Straubel,6669,-6.9353179,112.548349
Female,Business Development,48146 Grim Park,Twin Pines,1680,39.2671237,-84.5195974
Genderqueer,Legal,29 Rowland Parkway,Vera,1,51.8321777,85.7788422
Male,Support,7 Namekagon Crossing,Butterfield,9810,34.542308,118.752842
Male,Product Management,2328 Dryden Street,Hermina,2166,40.3942251,-7.8103942
Female,Legal,7 Spaight Terrace,Katie,9,54.7599431,20.1021063
Genderfluid,Product Management,1 Laurel Lane,Waubesa,20782,-2.6242355,-56.7346167
Female,Business Development,5 Raven Center,Macpherson,640,45.75997,126.668787
Female,Business Development,0 Fremont Drive,Sloan,987,-7.9655412,110.6008827
Male,Marketing,3834 Dorton Avenue,Farwell,9,-7.893728,110.1434668
Female,Engineering,0896 Summer Ridge Alley,Thierer,2859,45.5246959,13.8311208
Female,Product Management,809 Armistice Trail,Jenna,9,11.9913493,108.9383377
Male,Accounting,9028 Thompson Plaza,Steensland,5644,45.1216628,19.0173647
Male,Engineering,7887 Village Green Court,Memorial,3492,49.4705944,20.1323725
Polygender,Training,1251 School Center,Summit,15827,-4.4419311,15.2662931
Female,Business Development,071 Helena Lane,Kedzie,9885,36.865827,116.231416
Female,Marketing,520 Del Sol Center,Banding,988,20.36667,-75.01667
Male,Legal,258 Sherman Center,Hazelcrest,2224,-25.0324274,25.7486438
Female,Marketing,27 Haas Trail,Brentwood,447,39.9041999,116.4073963
Male,Services,39 American Lane,Del Sol,8,40.23921,116.12895
Non-binary,Training,52 Carey Place,Bunker Hill,3135,19.3228423,95.1797058
Male,Sales,81 Aberg Street,Dennis,9,-7.0728,114.0294
Male,Support,720 Sunfield Hill,Dunning,3399,31.7337799,130.7533097
Female,Engineering,756 Vidon Junction,Esch,12475,31.2141203,31.3577987
Male,Product Management,48 Hansons Road,Banding,670,-30.5148445,-53.4832383
Male,Legal,1462 Westend Pass,Walton,0,32.060255,118.796877
Male,Legal,2 Karstens Way,Kennedy,9489,47.6451517,42.0889476
Female,Product Management,7777 Towne Crossing,Eggendart,5,55.780902,37.618106
Male,Research and Development,11625 Johnson Street,Dixon,81,38.914003,121.614682
Female,Marketing,710 Loeprich Parkway,Hooker,27895,15.979273,120.8157261
Male,Services,2026 Blaine Center,Forest Dale,434,38.728816,-9.2845804
Female,Sales,031 Park Meadow Alley,Blue Bill Park,2102,55.6354144,13.0577113
Non-binary,Services,9 Washington Terrace,Tennessee,28011,40.4751843,-8.6970168
Female,Business Development,26134 Northridge Point,Messerschmidt,4381,41.8399528,43.3907569
Male,Legal,3 Sage Center,Dryden,527,44.685084,130.45697
Female,Support,19854 Grim Terrace,Cambridge,1,39.28167,21.90611
Male,Sales,735 Manufacturers Junction,Garrison,61753,41.989901,21.0770114
Female,Research and Development,88501 Macpherson Circle,Michigan,90,36.307064,120.39631
Male,Product Management,41527 Northland Center,Forest Dale,623,19.4458447,-99.1497664
Male,Sales,75832 Annamark Center,Lakewood Gardens,4,29.894972,121.538057
Male,Training,3502 Northland Court,Shasta,8,-26.3448416,28.3622933
Female,Legal,52491 Rockefeller Avenue,Longview,527,30.4659284,30.9305801
Male,Marketing,68 Ridge Oak Crossing,Jenna,4788,37.73892,115.670177
Male,Human Resources,28514 Evergreen Circle,Emmet,28,43.4945737,5.8978018
Male,Marketing,6837 Florence Circle,Dakota,8,1.283678,103.847692
Female,Legal,58 Morningstar Alley,Merrick,76360,43.3564826,17.7458559
Female,Accounting,0261 Karstens Hill,Arizona,3870,9.7911208,80.1569366
Bigender,Sales,607 Kennedy Avenue,Blackbird,6,40.8338937,22.3879813
Female,Legal,308 Troy Terrace,Quincy,9400,59.834171,30.5188521
Female,Training,60 Mariners Cove Drive,Pankratz,8208,-9.0972502,-35.5876697
Male,Services,4 Browning Way,Westerfield,2,45.3639886,5.5949365
Male,Engineering,8 Bayside Park,Graedel,5034,52.30002,16.95723
Male,Business Development,676 Forest Run Point,Tennessee,598,52.1814619,32.583994
Female,Research and Development,97323 Golf Road,Donald,3,-31.3215134,29.488292
Female,Legal,657 Graedel Avenue,Cambridge,412,13.9293954,121.3228399
Male,Engineering,6215 Brown Place,Loomis,38,-8.7695621,-74.7088325
Male,Accounting,315 Lerdahl Place,Northfield,6762,53.9854,30.36
Female,Accounting,99815 Lukken Circle,Mifflin,51334,14.175851,-89.861368
Male,Research and Development,02804 Oriole Place,Rockefeller,3,54.8953858,27.7599272
Male,Support,082 Old Gate Drive,Rusk,5720,51.766482,55.36468
Male,Research and Development,2320 Lakewood Parkway,Kenwood,1191,13.1680197,-87.3872748
Male,Engineering,78853 Fallview Place,Stone Corner,15,-30.5148445,-53.4832383
Female,Services,7 Harbort Lane,Veith,73045,43.273732,25.9799453
Male,Business Development,5 Tennyson Pass,Loeprich,75001,35.0298547,71.3542319
Male,Human Resources,336 Hansons Way,David,47,43.7883496,4.9548261
Female,Support,52 Hoard Lane,Ludington,63041,32.4286242,130.6493402
Male,Support,9186 Victoria Lane,Bobwhite,28,48.6841029,24.4272889
Male,Human Resources,82401 Spohn Junction,Sundown,53588,25.8263535,-97.5294628
Male,Research and Development,9 Ryan Plaza,Clemons,3962,-6.2615781,143.9813542
Male,Training,84 Reinke Park,Pennsylvania,82,59.2416497,14.4338249
Female,Training,93 Rutledge Terrace,Independence,1863,41.3432066,-8.5660453
Female,Product Management,93015 Pine View Drive,Prairie Rose,21,-34.7089038,-58.6427861
Female,Accounting,46187 Ruskin Crossing,Park Meadow,1,41.07,-85.14
Female,Engineering,454 Blue Bill Park Avenue,Union,5619,37.5972313,-8.6366851
Female,Product Management,3 Kingsford Alley,West,8,50.3651987,20.3520979
Male,Human Resources,50787 Kipling Drive,Bartelt,28,40.76191,-7.7532796
Male,Research and Development,3 Blackbird Parkway,Pankratz,39433,49.4150717,18.109785
Genderfluid,Sales,99900 Ludington Pass,Lakewood Gardens,2705,47.5083178,-52.9940605
Male,Product Management,23 Barby Junction,Fairfield,9866,49.5658236,18.814406
Male,Training,9 Dixon Parkway,Almo,21,39.6222264,20.8874294
Bigender,Business Development,354 Summerview Hill,Jenifer,8109,42.9963758,21.944034
Female,Marketing,793 Spaight Avenue,Independence,1131,-23.4157731,-51.4264048
Male,Business Development,64 Melvin Pass,Merry,1967,49.5111458,17.5282441
Male,Research and Development,09937 Oak Valley Hill,Hollow Ridge,77,32.4464635,62.1454133
Female,Support,82498 Comanche Road,Kinsman,64518,32.60704,115.554108
Female,Product Management,150 Village Green Point,Oriole,2839,-7.698725,113.8465758
Male,Accounting,277 La Follette Hill,Warrior,68238,59.8557818,13.5485237
Female,Training,6 Heffernan Point,Forster,4413,45.0463269,38.8000344
Male,Human Resources,6262 Florence Center,Longview,99754,15.5251409,-89.3343599
Male,Product Management,1 Old Shore Junction,Karstens,445,-8.3120496,123.2814017
Male,Product Management,5223 Sheridan Terrace,Old Shore,2,-2.763864,101.3338009
Genderqueer,Legal,608 Annamark Avenue,Dakota,8,32.240853,120.2326771
Male,Marketing,22404 Marcy Trail,Merry,7,-18.7003202,-66.0039777
Polygender,Sales,2501 Onsgard Trail,Eagle Crest,196,53.7667424,91.3992147
Male,Services,137 Clarendon Court,Dakota,7280,3.33186,99.161456
Bigender,Product Management,048 Forest Run Alley,Kenwood,635,-6.2651072,106.5318919
Female,Support,7995 Debs Drive,Debs,857,16.1169002,102.7020218
Female,Business Development,522 Comanche Parkway,Mifflin,313,54.0632737,-128.6369607
Female,Legal,6 Little Fleur Trail,Melody,3,59.6517905,17.0779098
Genderqueer,Accounting,45 Tomscot Street,Randy,85122,48.019573,66.923684
Male,Accounting,833 Granby Center,Jana,7857,43.6218385,3.8403455
Male,Training,96 Montana Circle,Southridge,8,41.594744,121.798685
Male,Sales,6368 Chive Way,Mcguire,123,48.7203863,33.0679837
Female,Research and Development,7 International Plaza,Portage,2952,7.2676037,-8.1447804
Male,Product Management,4 Shopko Avenue,Sage,87,37.517256,101.225991
Non-binary,Services,99461 Anderson Lane,Dapin,9,14.4409724,120.9950071
Genderqueer,Engineering,18173 Arapahoe Circle,Bellgrove,8253,48.8981844,2.2478659
Male,Engineering,55 Maywood Parkway,Riverside,15,19.5056005,-98.882461
Male,Support,11466 Dawn Parkway,North,25,39.8286394,126.5151395
Female,Accounting,89674 Drewry Way,Thompson,39944,30.548268,112.279606
Female,Support,84 Shelley Plaza,Sundown,13,54.8737338,83.000494
Male,Research and Development,0 Barby Circle,Tennyson,1733,9.4546148,-64.8318347
Male,Training,018 Stoughton Crossing,Florence,636,27.4140682,64.987739
Male,Accounting,040 Manitowish Center,Grover,7,7.2188798,2.3394209
Female,Product Management,400 Paget Court,Welch,9286,29.421736,105.682385
Female,Training,138 Hintze Drive,Oak Valley,29,64.0615492,23.6542166
Genderfluid,Business Development,4 Hanson Court,Hanson,8242,44.9597766,19.0030052
Female,Training,5 Dakota Avenue,Loeprich,0,23.498459,111.746261
Female,Business Development,201 Debra Avenue,Merchant,2,-13.9792358,-71.4165779
Male,Accounting,28564 Duke Alley,Susan,2,-8.6851,121.9164
Female,Sales,24882 Weeping Birch Point,Sutherland,761,41.554479,121.725015
Female,Business Development,51 Carey Center,Grasskamp,4224,36.158405,45.4759898
Male,Sales,67863 Grayhawk Hill,Eggendart,1,60.4253612,16.5438565
Male,Sales,3 Summit Center,Hagan,69717,43.9142905,12.4208642
Male,Human Resources,13 Riverside Alley,Chive,16676,38.135288,114.397004
Female,Accounting,9546 Carey Alley,Dottie,3,30.6074358,114.3110482
Male,Services,7760 4th Center,Mayer,4114,32.929568,119.860856
Female,Human Resources,649 Fisk Road,Monument,1,-40.1382194,-71.2883704
Male,Accounting,6361 Transport Court,Porter,70,-6.3347209,105.9552997
Female,Services,6507 Manley Court,Stang,779,41.8822489,-87.7221872
Female,Engineering,472 Logan Plaza,Corscot,24053,13.9967823,-88.3803792
Male,Support,71582 Corben Court,Welch,832,9.9296381,123.1721164
Female,Legal,7 Crownhardt Place,Oakridge,50,45.7307005,15.9513163
Female,Business Development,71 Fremont Junction,Stuart,19545,33.731926,67.068153
Bigender,Business Development,4422 Welch Avenue,Warbler,504,26.8429645,107.2902839
Bigender,Legal,90346 Merry Junction,Transport,54812,10.7006857,106.3228338
Male,Human Resources,1 Grover Circle,Carey,3619,19.6786236,-101.1808488
Bigender,Human Resources,2 Columbus Junction,Becker,0,34.866667,9.783333
Male,Marketing,418 Burrows Crossing,Summer Ridge,39231,53.6897029,15.1379238
Male,Services,73 Roxbury Parkway,Merrick,7,26.312444,99.850365
Female,Human Resources,2728 Express Circle,Ruskin,4,3.5126215,33.9750018
Male,Research and Development,2 Basil Pass,International,1406,50.1470572,19.204916
Male,Research and Development,86196 Becker Park,Sugar,5,30.265327,108.705237
Female,Sales,546 Sachs Alley,Monument,876,30.070933,118.181531
Female,Services,890 Nelson Junction,Glacier Hill,9485,-9.9246703,-48.2592606
Female,Legal,09972 Graedel Trail,Havey,9220,46.70011,-75.44929
Male,Training,21 Jay Street,Duke,7118,13.2999,122.5217
Male,Services,42565 Hanson Court,Cody,6,32.0777617,71.0179089
Male,Human Resources,8 Norway Maple Drive,Warner,314,39.538047,116.683752
Male,Services,2 Mcbride Parkway,Jay,4,15.5638825,108.4786313
Female,Legal,993 Algoma Point,Union,14,-7.5145399,112.7330892
Male,Accounting,9828 Onsgard Crossing,Dakota,5839,8.1679082,124.1582966
Male,Services,8953 Corben Crossing,Nancy,92,52.1012559,21.053265
Female,Accounting,04072 Onsgard Way,Dexter,53,21.9588282,96.0891032
Agender,Accounting,2 Forest Dale Court,Rusk,9746,43.5561243,77.9995589
Bigender,Engineering,026 Randy Circle,Barnett,6169,48.8466523,2.2582125
Male,Marketing,2 Hallows Point,Dennis,0,-7.6492089,111.4395128
Male,Legal,72 Talisman Point,Tennessee,9,0.8554519,124.6192702
Female,Research and Development,078 Lunder Terrace,Dorton,304,14.63571,121.60617
Male,Accounting,9662 Westridge Plaza,Warrior,899,18.5344284,120.7961471
Male,Legal,2 Bartillon Plaza,Birchwood,9627,53.7667424,91.3992147
Female,Business Development,54343 Brown Lane,Arrowood,4,65.371498,58.0235821
Male,Legal,0588 Summerview Parkway,Nova,2,17.0405373,99.0571089
Bigender,Marketing,527 Tomscot Parkway,Gale,1957,36.3213507,136.6477771
Female,Marketing,63 American Ash Circle,Huxley,9351,12.9978739,121.4181928