first_name,country,country_code,language,time_zone,ip_address,linkedin_skill
Priscella,Zambia,ZM,Indonesian,Africa/Lusaka,129.60.144.253,Lifestyle
Ana,Peru,PE,Fijian,America/Lima,100.2.67.41,Healthcare Industry
Butch,Peru,PE,Gujarati,America/Lima,48.161.197.47,Visual SVN
Ambros,China,CN,Belarusian,Asia/Harbin,36.188.226.116,Nanofabrication
Gaylene,Thailand,TH,Papiamento,Asia/Bangkok,181.24.84.57,AQL
Cleveland,Brazil,BR,Portuguese,America/Rio_Branco,221.193.207.249,Occupational Therapists
Fredric,Zimbabwe,ZW,Dzongkha,Africa/Harare,114.190.66.122,Eagle PCB
Afton,Thailand,TH,Lao,Asia/Bangkok,161.3.154.93,Yeast two-hybrid
Yehudit,Indonesia,ID,Gagauz,Asia/Jakarta,237.7.164.62,Business Journalism
Loretta,Albania,AL,Gagauz,Europe/Podgorica,15.186.211.54,Geomatics
Alia,China,CN,Tamil,Asia/Shanghai,105.244.221.183,Google Earth
Mari,Ukraine,UA,Macedonian,Europe/Uzhgorod,186.70.51.48,Land Use Planning
Ag,Indonesia,ID,Hiri Motu,Asia/Jakarta,87.67.53.129,DGA
Georgena,China,CN,Sotho,Asia/Harbin,8.205.188.212,TCA
Mikael,Greece,GR,Guaran√≠,Europe/Athens,114.40.164.249,Management Due Diligence
Flore,Poland,PL,Telugu,Europe/Warsaw,189.28.183.192,OWA
Clemmie,Croatia,HR,Tetum,Europe/Zagreb,17.0.195.192,Transitional Justice
Jarib,Portugal,PT,Tetum,Europe/Lisbon,15.83.166.25,Loans
Rhys,Philippines,PH,MƒÅori,Asia/Manila,142.130.115.9,Epistemology
Beaufort,Argentina,AR,Oriya,America/Argentina/Tucuman,122.121.229.240,DoD
Leola,China,CN,Swahili,Asia/Chongqing,112.210.199.247,BLS
Scotti,Indonesia,ID,German,Asia/Makassar,184.133.227.20,MVT
Constantin,Indonesia,ID,Tetum,Asia/Jakarta,67.212.4.137,IIS
Kris,Pakistan,PK,Quechua,Asia/Karachi,152.109.123.171,Slide Preparation
Kaleb,United States,US,Bislama,America/New_York,153.81.227.0,Smartboard
Conant,Slovenia,SI,Dutch,Europe/Ljubljana,244.177.121.43,NHS
Donalt,China,CN,Japanese,Asia/Shanghai,65.235.45.79,VLSI
Agna,Peru,PE,Indonesian,America/Lima,90.221.90.137,NSI
Calida,Poland,PL,Fijian,Europe/Warsaw,84.193.145.144,OMNI
Katherina,China,CN,Romanian,Asia/Chongqing,244.195.245.15,QADirector
Ynez,Norway,NO,Belarusian,Europe/Oslo,33.79.15.12,SGML
Margret,Brazil,BR,Nepali,America/Sao_Paulo,12.51.107.204,NCP
Bertie,South Africa,ZA,Swahili,Africa/Johannesburg,254.15.39.79,vBlock
Molli,Brazil,BR,Tok Pisin,America/Sao_Paulo,1.237.183.159,OEM negotiations
Chadwick,Indonesia,ID,Tsonga,Asia/Jakarta,250.126.13.199,TyMetrix
Monique,United States,US,Arabic,America/New_York,66.98.114.105,SSCP
Alard,Russia,RU,Hiri Motu,Asia/Omsk,184.49.59.79,XQuery
Gretchen,China,CN,New Zealand Sign Language,Asia/Shanghai,235.13.9.93,QNX
Arlette,Portugal,PT,Dhivehi,Europe/Lisbon,90.145.219.142,FCE
Mitzi,Russia,RU,Kurdish,Europe/Kaliningrad,242.230.208.121,Blue Ocean Strategy
Devin,Brazil,BR,Bengali,America/Manaus,230.18.222.23,High Rise
Nicoline,China,CN,Albanian,Asia/Shanghai,5.158.6.118,Problem Solving
Marielle,Indonesia,ID,Malay,Asia/Jakarta,229.11.59.82,Programming
Pepi,Indonesia,ID,Swahili,Asia/Jakarta,252.35.159.19,Aerospace Medicine
Nathan,Slovenia,SI,Mongolian,Europe/Ljubljana,255.100.49.38,Capacity Building
Mikol,Vietnam,VN,Danish,Asia/Ho_Chi_Minh,43.101.139.248,MV
Dominique,Croatia,HR,Greek,Europe/Zagreb,10.147.216.179,eEye Retina
Beryle,Poland,PL,Malayalam,Europe/Warsaw,181.192.231.8,Estate Administration
Godfry,Democratic Republic of the Congo,CD,Lao,Africa/Kinshasa,9.204.176.62,Turbo C++
Hanan,China,CN,Romanian,Asia/Shanghai,56.134.227.51,LCD TV
Rodi,Cuba,CU,Papiamento,America/Havana,179.145.214.58,EHS
Rochette,Botswana,BW,Estonian,Africa/Gaborone,225.32.221.101,Ambulance
Tess,China,CN,Papiamento,Asia/Chongqing,113.47.46.242,HCAHPS
Christabel,China,CN,Kurdish,Asia/Chongqing,131.196.1.61,Navigation
Donni,Myanmar,MM,Guaran√≠,Asia/Rangoon,159.40.131.59,Windows XP
Trudey,Indonesia,ID,Estonian,Asia/Jakarta,101.182.127.103,XML Publisher
Suzy,Japan,JP,Hindi,Asia/Tokyo,127.237.196.61,JCE
Rik,Egypt,EG,Zulu,Africa/Cairo,143.72.111.25,Lustre
Nobie,Brazil,BR,Guaran√≠,America/Sao_Paulo,92.0.50.250,CFTC
Lorrie,China,CN,Quechua,Asia/Chongqing,223.126.239.143,IEC 61850
Nataniel,Russia,RU,Haitian Creole,Europe/Moscow,39.175.133.49,Vehicles
Alie,Russia,RU,Czech,Europe/Moscow,196.223.253.98,MCMS
Rogers,China,CN,Irish Gaelic,Asia/Shanghai,146.160.75.249,McData
Zara,Philippines,PH,Mongolian,Asia/Manila,117.237.151.144,NYISO
Clim,Portugal,PT,Moldovan,Europe/Lisbon,215.95.104.170,CPAP
Ora,Sweden,SE,Tajik,Europe/Stockholm,240.161.232.96,Blackberry OS
Clark,Portugal,PT,Aymara,Europe/Lisbon,177.171.26.67,MCS
Roana,Georgia,GE,Romanian,Asia/Tbilisi,43.196.234.50,Apollo GDS
Clara,China,CN,Albanian,Asia/Harbin,212.31.169.182,MM7
Rhea,Greece,GR,Persian,Europe/Athens,225.119.41.144,iOS
Cathie,Macedonia,MK,Estonian,Europe/Skopje,49.30.243.28,Luxury Brand Marketing
Blithe,China,CN,Yiddish,Asia/Shanghai,13.39.227.158,Go-to-market Strategy
Doralynne,Mexico,MX,Assamese,America/Mexico_City,69.209.114.76,VTC
Ginny,China,CN,Dzongkha,Asia/Shanghai,66.5.57.184,Customs Regulations
Kelsy,South Africa,ZA,Gagauz,Africa/Johannesburg,251.198.14.18,CPR Instruction
Mychal,Egypt,EG,Dutch,Africa/Cairo,242.253.220.171,Mplus
Tami,China,CN,Northern Sotho,Asia/Chongqing,43.40.101.187,Chronic Illness
Tiffany,France,FR,Polish,Europe/Paris,228.16.136.48,Kaspersky
Antonina,China,CN,Tok Pisin,Asia/Harbin,160.75.42.82,Type 1 Diabetes
Elroy,Bosnia and Herzegovina,BA,Papiamento,Europe/Sarajevo,92.22.172.19,Solar PV
Marijn,Sri Lanka,LK,Finnish,Asia/Colombo,57.9.249.23,Hummingbird DM
Edan,Greece,GR,Persian,Europe/Athens,200.215.172.252,Zuora
Salvador,Russia,RU,Guaran√≠,Europe/Moscow,224.165.3.217,UVM
Seumas,Brazil,BR,Sotho,America/Maceio,23.90.126.233,HNI
Morlee,France,FR,Thai,Europe/Paris,28.132.114.186,Creative Direction
Rafael,Poland,PL,Aymara,Europe/Warsaw,241.30.86.93,Cinematography
Mead,Ukraine,UA,Armenian,Europe/Moscow,193.24.20.9,eZ Publish
Shandee,South Africa,ZA,Maltese,Africa/Johannesburg,152.191.181.171,BCM
Orrin,Philippines,PH,Dutch,Asia/Manila,110.252.125.168,Pre-sales
Jeremie,Peru,PE,Guaran√≠,America/Lima,197.168.249.212,Private Banking
Genni,Belarus,BY,German,Europe/Minsk,228.28.118.65,Film
Gert,Guatemala,GT,Bislama,America/Guatemala,39.97.102.190,IEC 61850
Benyamin,Belarus,BY,English,Europe/Minsk,193.174.215.105,Optical Tweezers
Theresa,Russia,RU,Japanese,Asia/Yekaterinburg,81.188.127.36,HS&amp;E
Francisca,Honduras,HN,Mongolian,America/Tegucigalpa,232.16.135.135,Western Europe
Bonni,Brazil,BR,Romanian,America/Sao_Paulo,78.97.209.146,CX
Early,Bulgaria,BG,Finnish,Europe/Sofia,222.19.68.229,vCenter Server
Kendell,Afghanistan,AF,Aymara,Asia/Kabul,110.206.42.113,TDA
Tam,France,FR,Nepali,Europe/Paris,209.1.95.15,Sellers
Bobbi,Japan,JP,Bislama,Asia/Tokyo,72.133.22.175,Bank-owned Properties
Katya,Ukraine,UA,Finnish,Europe/Uzhgorod,160.218.76.138,VXML
Sayre,Mexico,MX,Tetum,America/Monterrey,216.61.102.201,DFSS Green Belt
Anabelle,Papua New Guinea,PG,Japanese,Pacific/Port_Moresby,215.9.83.58,Rheumatoid Arthritis
Alix,Sweden,SE,Swedish,Europe/Stockholm,102.165.30.11,FMCG
Tracy,Portugal,PT,Korean,Europe/Lisbon,219.115.235.5,Communication
Donny,Argentina,AR,Persian,America/Argentina/Salta,40.178.114.249,BPWin
Roxy,United States,US,Estonian,America/Indiana/Indianapolis,166.68.135.142,Three.js
Rayner,Portugal,PT,Finnish,Europe/Lisbon,236.138.164.254,LWUIT
Ignazio,Poland,PL,German,Europe/Warsaw,134.96.233.10,HSRP
Chic,Portugal,PT,Belarusian,Europe/Lisbon,149.14.52.190,Blender
De witt,Czech Republic,CZ,Kyrgyz,Europe/Prague,252.153.185.36,Visio
Christye,Canada,CA,Ndebele,America/St_Johns,238.68.174.98,BTLS
Errol,Czech Republic,CZ,Pashto,Europe/Bratislava,84.243.48.147,Social Services
Billi,Greece,GR,Punjabi,Europe/Athens,237.154.107.197,Mortgage Banking
Jo-ann,Serbia,RS,Pashto,Europe/Belgrade,86.47.19.33,NCS
Hatti,Brazil,BR,Northern Sotho,America/Sao_Paulo,21.217.91.140,Information Technology
Isadore,Czech Republic,CZ,Gujarati,Europe/Prague,248.194.119.70,CWTS
Hatty,Afghanistan,AF,Bislama,Asia/Kabul,180.246.214.201,Drama
Robinett,China,CN,Icelandic,Asia/Chongqing,186.151.244.38,HVAC
Dar,Indonesia,ID,Dari,Asia/Makassar,106.31.169.30,TBB
Eartha,Sweden,SE,Marathi,Europe/Stockholm,112.232.16.144,CNC Operation
Georgy,Russia,RU,Mongolian,Europe/Moscow,68.83.240.222,Multi-color Flow Cytometry
Yance,Guatemala,GT,Mongolian,America/Guatemala,64.78.129.198,QALoad
Maurits,Indonesia,ID,Swahili,Asia/Makassar,88.137.82.9,Contact Centers
Maryanne,Indonesia,ID,Croatian,Asia/Jakarta,42.227.68.162,HDTV
Joe,China,CN,Kashmiri,Asia/Chongqing,242.199.96.190,Real Estate Economics
Hewett,Bolivia,BO,Swedish,America/La_Paz,13.127.210.194,PDM
Marcie,Russia,RU,Fijian,Asia/Krasnoyarsk,121.107.254.234,Injection Molding
Jay,Indonesia,ID,Norwegian,Asia/Makassar,169.179.9.177,Public Relations
Sawyere,Indonesia,ID,Dhivehi,Asia/Jakarta,3.161.180.11,HRIS
Bev,Thailand,TH,Kurdish,Asia/Bangkok,3.90.214.67,Uranium
Morgen,Canada,CA,Kazakh,America/Vancouver,4.137.76.19,International Shipping
Lindi,Sweden,SE,Papiamento,Europe/Stockholm,26.60.160.26,Wyse
Hercules,Kazakhstan,KZ,Dhivehi,Asia/Almaty,128.97.36.48,Multiplex PCR
Violetta,France,FR,Aymara,Europe/Paris,246.2.171.238,Clinical Research
Katinka,China,CN,Mongolian,Asia/Shanghai,53.51.62.238,TLM
Deonne,Ukraine,UA,Tamil,Europe/Zaporozhye,121.194.149.219,Customer Satisfaction
Elle,Ivory Coast,CI,Hindi,Africa/Abidjan,87.133.186.236,International Shipping
Merrill,China,CN,Finnish,Asia/Chongqing,118.145.2.141,ISO/TS 16949
Guillermo,Philippines,PH,Croatian,Asia/Manila,92.14.55.244,PMBOK
Skyler,France,FR,Dzongkha,Europe/Paris,153.202.162.232,Operating Systems
Milicent,Mexico,MX,Hungarian,America/Mexico_City,95.176.130.7,UK GAAP
Durand,North Korea,KP,Malay,Asia/Pyongyang,162.0.227.158,Android SDK
Stavros,China,CN,Sotho,Asia/Chongqing,136.6.3.78,Handmade Jewelry
Gwendolin,Russia,RU,Gujarati,Asia/Irkutsk,39.241.225.195,Utilities Management
Jelene,Venezuela,VE,Marathi,America/Caracas,150.11.147.86,Pyrotechnics
Ade,Pakistan,PK,New Zealand Sign Language,Asia/Karachi,92.25.18.44,LPN
Danya,Benin,BJ,Quechua,Africa/Porto-Novo,113.178.219.147,Dispute Resolution
Godiva,China,CN,Spanish,Asia/Chongqing,45.140.48.46,Wovens
Joelly,Finland,FI,Bislama,Europe/Helsinki,21.176.32.48,MPLS Networking
Cello,Croatia,HR,Marathi,Europe/Sarajevo,27.6.70.124,Gutters
Edgar,China,CN,Pashto,Asia/Chongqing,69.155.17.13,UAT Coordination
Talya,Peru,PE,Norwegian,America/Lima,116.46.168.49,QKA
Elle,Indonesia,ID,German,Asia/Makassar,111.210.207.222,Customer Satisfaction
Francisca,China,CN,Greek,Asia/Harbin,117.91.218.0,CWA
Ely,Iran,IR,Lithuanian,Asia/Tehran,200.105.54.108,FPSO
Nerti,Sweden,SE,Swati,Europe/Stockholm,183.51.74.228,T-SQL Stored Procedures
Theodoric,San Marino,SM,Filipino,Europe/San_Marino,251.196.131.29,Area Rugs
Madelena,China,CN,Thai,Asia/Chongqing,89.147.199.3,Electrical Design
Rafaela,China,CN,Azeri,Asia/Chongqing,22.72.37.160,SAP PP
Carlen,China,CN,Portuguese,Asia/Shanghai,221.63.143.223,Utilization
Hatti,Argentina,AR,Luxembourgish,America/Argentina/Salta,159.217.21.3,FQL
Zane,Indonesia,ID,Sotho,Asia/Jakarta,38.223.62.131,General Surgery
Robinet,United States,US,Ndebele,America/Chicago,198.225.12.244,LLDP
Candis,Honduras,HN,Swedish,America/El_Salvador,79.13.189.25,IXOS
Demetria,Philippines,PH,Tok Pisin,Asia/Manila,170.196.86.199,Surveillance
Sauveur,Croatia,HR,German,Europe/Zagreb,101.24.208.32,FDD
Shani,Afghanistan,AF,Moldovan,Asia/Kabul,172.219.205.252,CDS
Elli,China,CN,Arabic,Asia/Shanghai,87.29.171.249,BMR
Danyelle,Vietnam,VN,Belarusian,Asia/Ho_Chi_Minh,165.234.14.90,NVU
Chad,Mexico,MX,Quechua,America/Mexico_City,255.194.187.143,SGSN
Lonee,Tunisia,TN,Telugu,Africa/Tunis,18.142.16.200,JNA
Monte,Poland,PL,Papiamento,Europe/Warsaw,156.208.53.197,TSM Administration
Cassondra,China,CN,Amharic,Asia/Shanghai,53.87.43.151,HBSS
Rosemary,Uganda,UG,Catalan,Africa/Kampala,246.11.66.198,Zeolites
Finlay,Poland,PL,German,Europe/Warsaw,180.17.111.181,Underwriting
Jordain,China,CN,Sotho,Asia/Shanghai,24.7.236.46,DMVPN
Nikolaus,China,CN,German,Asia/Shanghai,194.214.36.246,ETABS
Reiko,Brazil,BR,Chinese,America/Sao_Paulo,37.182.71.124,WPS
Aridatha,Canada,CA,Czech,America/Toronto,84.247.53.206,PMO
Eli,Philippines,PH,Kurdish,Asia/Manila,249.36.67.254,Pre-sales
Consuelo,Pakistan,PK,Bengali,Asia/Karachi,47.112.145.212,Eyewear
Linus,China,CN,Sotho,Asia/Harbin,128.203.12.61,Emergency Room
Kathy,Vietnam,VN,Pashto,Asia/Ho_Chi_Minh,172.243.57.60,XSL-FO
Aindrea,Indonesia,ID,Burmese,Asia/Jakarta,150.242.183.34,Construction
Ermanno,Philippines,PH,Quechua,Asia/Manila,79.24.160.42,Essential Oils
Eugene,Poland,PL,Assamese,Europe/Warsaw,179.79.222.148,Oil &amp; Gas
Roz,China,CN,Nepali,Asia/Harbin,226.174.145.219,Work Effectively
Ker,Kazakhstan,KZ,Malayalam,Asia/Almaty,72.234.39.41,Home Equity Lines of Credit
Codie,France,FR,Chinese,Europe/Paris,169.174.145.67,Lithium-ion Batteries
Rock,Indonesia,ID,Luxembourgish,Asia/Jakarta,161.153.29.211,IEEE 802.3
Tessie,Indonesia,ID,Mongolian,Asia/Makassar,97.99.135.27,Part-Time CFO Services
Ruby,Philippines,PH,German,Asia/Manila,187.197.52.134,Google Apps
Gothart,Philippines,PH,Tswana,Asia/Manila,18.212.61.179,MRO Management
Rogers,Russia,RU,Armenian,Asia/Krasnoyarsk,82.126.20.201,Software Implementation
Si,Russia,RU,Albanian,Europe/Moscow,131.113.79.190,Nightclub
Chad,Thailand,TH,Filipino,Asia/Bangkok,243.53.198.127,EBMS
Mervin,Japan,JP,Persian,Asia/Tokyo,80.14.163.164,Xing
Bartolemo,Philippines,PH,Dari,Asia/Manila,83.74.226.76,HR Strategy